Starbucks,"1/83, Ground Floor , Club Road West Punjabi Bagh Delhi, DL 110026 ", DL 110026 ,India
Starbucks,"Ground Floor, HB Twin Towers Netaji Subhash Pl, Pitampura New Delhi, DL 110034 ", DL 110034 ,India
Starbucks,"Rajouri Garden New Delhi Delhi NCR, DL 110027 ", DL 110027 ,India
Starbucks,"Subhash Nagar Ground Floor, Pacific Mall New Delhi, DL 110018 ", DL 110018 ,India
Starbucks,"Chhatra Marg New Delhi, DL 110007 ", DL 110007 ,India
Starbucks,"Pusa Road New Delhi, DL 110005 ", DL 110005 ,India
Starbucks,"Pocket 1, Sector 14 Unit G009A, G009B, G10, Vegas Mall New Delhi, DL 110078 ", DL 110078 ,India
Starbucks,"Baba Kharak Singh Rd, Hanuman Road Area Connaught Place New Delhi, DL 110001 ", DL 110001 ,India
Starbucks,"Hamilton House A Block, Inner Circle New Delhi, DL 110001 ", DL 110001 ,India
Starbucks,"Diplomatic Enclave Block C Road New Delhi, DL 110021 ", DL 110021 ,India
Starbucks,"N 16, N Block Outer Circle, Connaught Place New Delhi, DL 110001 ", DL 110001 ,India
Starbucks,"IGI Airport Delhi, DL 110037 ", DL 110037 ,India
Starbucks,"Domestic Departure Terminal 1D New Delhi, DL 110037 ", DL 110037 ,India
Starbucks,"Sangam Courtyard Major Somnath Marg, Sector 9, R.K Puram New Delhi, DL 110021 ", DL 110021 ,India
Starbucks,"Domestic Departure Near Gate 27, Terminal  3 New Delhi, DL 110037 ", DL 110037 ,India
Starbucks,"International Departure Near Gate 15, Terminal  3 New Delhi, DL 110037 ", DL 110037 ,India
Starbucks,"Khan Market, New Delhi New Delhi, DL 110003 ", DL 110003 ,India
Starbucks,"Aerocity Indira Gandhi International Airport New Delhi, DL 110037 ", DL 110037 ,India
Starbucks,"Basant Lok, Vasant Vihar Ground Floor, 6 Community Centre New Delhi, DL 110057 ", DL 110057 ,India
Starbucks,"First Floor, DLF Promenade Vasant Kunj New Delhi, DL 110070 ", DL 110070 ,India
Starbucks,"1st Floor, Ambience Mall Nelson Mandela Marg New Delhi, DL 110070 ", DL 110070 ,India
Starbucks,"Main Market Green Market Delhi NCR, DL 110016 ", DL 110016 ,India
Starbucks,"South Extension Part II, New Delhi E 21 New Delhi, DL 110049 ", DL 110049 ,India
Starbucks,"Block D, Defence Colony D 27, Ground Floor New Delhi, DL 110024 ", DL 110024 ,India
Starbucks,"GK 1 N2 New Delhi, DL 110048 ", DL 110048 ,India
Starbucks,"M Block Market Greater Kailash 1 New Delhi, DL 110048 ", DL 110048 ,India
Starbucks,"Sector 21 Gurgaon Gurgaon, HR 122001 ", HR 122001 ,India
Starbucks,"Ground Floor, Ambience Mall Ambience Island, NH 8 Gurgaon, HR 110011 ", HR 110011 ,India
Starbucks,"DLF Cyber Park, Undyog Vihar Phase 2 Unit GF 15, Ground Floor Gurgaon, HR 122008 ", HR 122008 ,India
Starbucks,"Lower Ground Floor Nehru Place Metro Station New Delhi, DL 110064 ", DL 110064 ,India
Starbucks,"Ground Floor Select City Walk Mall New Delhi, DL 110017 ", DL 110017 ,India
Starbucks,"Ground Floor DLF Cyber Hub, Phase II Gurgaon, HR 122002 ", HR 122002 ,India
Starbucks,"Ground Floor, M-11 M-Block, Main Mrkt, Greater Kailash Pt2 New Delhi, DL 110048 ", DL 110048 ,India
Starbucks,"MG Road Gurugram, HR 122002 ", HR 122002 ,India
Starbucks,"Upper Ground Floor, MGF Metropolis M G Road Gurgaon, HR 122002 ", HR 122002 ,India
Starbucks,"Sector 16 B Ground Floor, Berger Tower Noida, UP 201301 ", UP 201301 ,India
Starbucks,"Golf Course Road Gurgaon, HR 122003 ", HR 122003 ,India
Starbucks,"Plot No - M 03, Sector 18 E442, Third Floor Noida, UP 201301 ", UP 201301 ,India
Starbucks,"Sector 18, Noida Noida, UP 201301 ", UP 201301 ,India
Starbucks,"Sector 62, NOIDA Industrial Area Mumbai Noida, UP 201309 ", UP 201309 ,India
Starbucks,"DLF Phase IV Gurgaon, HR 122009 ", HR 122009 ,India
Starbucks,"SCO 39, Ground Floor Sector 29 Gurgaon, HR 122001 ", HR 122001 ,India
Starbucks,"Ground Floor, Gardens Galleria Sector 16 Noida, UP 201301 ", UP 201301 ,India
Starbucks,"Sector 15, Gurugram Gurugram, HR 122001 ", HR 122001 ,India
Starbucks,"Gurugram Gurugram, HR 122011 ", HR 122011 ,India
Starbucks,"Ardee City, Gurgaon Gurugram, HR 122003 ", HR 122003 ,India
Starbucks,"Sector 53 Ground Floor, Tapasya One Gurugram, HR 122022 ", HR 122022 ,India
Starbucks,"Service Road GF-49E,GF-48A,GF-47C &GF47B Noida, UP 201304 ", UP 201304 ,India
Starbucks,"H/10 Bhatalpur Road Noida, UP 201303 ", UP 201303 ,India
Starbucks,"Sector 49 Gurgaon, HR 122018 ", HR 122018 ,India
